{"num_tags": 18, "transitions": [[0.3035297691822052, 0.5865568518638611, -1.3951818943023682, -1.175337553024292, -1.3045254945755005, -3.936008930206299, -0.6942328810691833, -2.0289723873138428, -1.6779439449310303, -0.4022786617279053, 1.3474680185317993, -8.876829147338867, -8.903108596801758, -7.353130340576172, -9.055184364318848, -7.2357707023620605, -7.8801445960998535, -7.298831462860107], [-0.3219558894634247, 0.23152127861976624, -1.1188457012176514, -0.7560184001922607, -1.032891869544983, -1.7140904664993286, -1.768088459968567, 0.5132013559341431, -0.7759588956832886, -0.16756190359592438, -9.412882804870605, 1.6048574447631836, -10.335467338562012, -9.818964958190918, -10.635957717895508, -13.465137481689453, -15.594788551330566, -13.302290916442871], [-0.8695880174636841, -0.6700539588928223, 0.6103630065917969, 0.05321285128593445, 1.5420987606048584, 0.041151028126478195, -1.7380821704864502, -1.0730094909667969, -0.5294053554534912, -0.6072587966918945, -8.780844688415527, -8.877692222595215, 0.9740418791770935, -8.685579299926758, -9.42308235168457, -8.422121047973633, -6.883072853088379, -7.845193386077881], [-1.1214983463287354, -1.114351749420166, 0.4682880640029907, -0.08649274706840515, -1.5874446630477905, -1.1510396003723145, -2.1004199981689453, -1.5043084621429443, -0.750847339630127, -0.5279151201248169, -9.389053344726562, -10.406498908996582, -7.874915599822998, 1.4135591983795166, -10.32552719116211, -9.979809761047363, -9.540548324584961, -10.57301139831543], [-1.1241379976272583, -1.2956057786941528, -1.119238018989563, -1.1848092079162598, -1.395460605621338, -0.6489030718803406, -1.0744966268539429, -2.421254873275757, -1.0763227939605713, -0.7250112295150757, -8.359271049499512, -6.704986095428467, -7.649231910705566, -8.282313346862793, 1.3394924402236938, -8.05065631866455, -8.643645286560059, -9.408967971801758], [-1.2729706764221191, -1.8484077453613281, -0.7814469933509827, -0.7519086003303528, -1.1902225017547607, 1.247652292251587, -3.588942050933838, -2.371907949447632, -0.5100332498550415, -0.03377858176827431, -6.1212944984436035, -9.647509574890137, -7.846200466156006, -7.331108570098877, -7.4371819496154785, 1.2910735607147217, -11.43744945526123, -7.6191816329956055], [-1.0807263851165771, -1.4935083389282227, -1.3910366296768188, -1.2317501306533813, -0.9826858639717102, -3.2121710777282715, 0.6788976788520813, -2.625056028366089, -1.338241696357727, -0.6931703686714172, -8.159109115600586, -14.785962104797363, -11.254056930541992, -7.354888439178467, -8.514284133911133, -13.0341215133667, 1.82126784324646, -7.643558979034424], [-0.7819074392318726, 0.22909709811210632, -1.8525114059448242, -0.9350168704986572, -1.2579681873321533, -1.658827304840088, -2.571746349334717, 0.2958819270133972, -1.0502674579620361, -0.38219207525253296, -7.138971328735352, -9.28264331817627, -6.740067481994629, -8.745853424072266, -8.900440216064453, -6.936854362487793, -7.2641448974609375, 1.571012258529663], [-0.10044275224208832, -0.4272614121437073, -0.054632704704999924, 0.007144955452531576, -0.14045365154743195, -1.2180107831954956, -1.3434020280838013, -0.47265082597732544, 1.322535514831543, 0.049778394401073456, -7.127347469329834, -10.874823570251465, -7.068811893463135, -10.31849479675293, -8.290290832519531, -6.953930854797363, -8.353322982788086, -9.036798477172852], [0.184162437915802, 0.20495235919952393, 0.11190477013587952, 0.470520555973053, 0.5050947070121765, -0.17884960770606995, -0.45978203415870667, -0.19878354668617249, -0.4557090401649475, 0.6700982451438904, -2.122398853302002, -2.2552151679992676, -4.742705345153809, -2.244541645050049, -3.0762381553649902, -3.431431531906128, -2.122515916824341, -2.413135290145874], [-0.270590603351593, 0.758754551410675, -1.6400169134140015, -1.174338459968567, -3.637580633163452, -2.4133853912353516, -1.1164703369140625, -2.228307008743286, -1.3231582641601562, -0.7754762768745422, 1.1701589822769165, -10.613606452941895, -9.562396049499512, -8.614660263061523, -8.411344528198242, -9.471684455871582, -10.044853210449219, -8.429457664489746], [0.37048739194869995, 0.114199198782444, -0.4997386634349823, -0.32255998253822327, -0.9999172687530518, -1.2496216297149658, -2.018656015396118, 0.49672210216522217, -0.8076435923576355, -0.14274077117443085, -9.759875297546387, 1.3563722372055054, -13.046305656433105, -13.097476959228516, -10.926902770996094, -14.407832145690918, -16.81085777282715, -16.63991928100586], [-0.9263460040092468, -0.8280592560768127, 0.0013732981169596314, 0.13259613513946533, 1.5069700479507446, -0.15714749693870544, -2.25744891166687, -1.6578948497772217, -0.5127658247947693, -0.41844597458839417, -10.20226001739502, -11.814537048339844, 1.4326045513153076, -10.760274887084961, -10.204646110534668, -10.172685623168945, -9.266581535339355, -8.843949317932129], [-1.4966261386871338, -1.8561338186264038, 0.7523220777511597, -0.4428785741329193, -0.904158890247345, -0.9042923450469971, -1.8876887559890747, -1.603333592414856, -1.3146553039550781, -0.1724965125322342, -10.2798433303833, -11.446187019348145, -10.61291217803955, 1.5847141742706299, -9.757238388061523, -11.12520694732666, -9.961996078491211, -11.106405258178711], [-0.5693255066871643, -0.8019800782203674, -0.33165907859802246, -0.78934645652771, -1.197708010673523, 0.723253071308136, -1.8486857414245605, -1.775599718093872, -0.8110958933830261, -0.5018401741981506, -9.487785339355469, -8.677291870117188, -8.662018775939941, -9.725622177124023, 1.6531484127044678, -10.070237159729004, -7.0677490234375, -11.221904754638672], [-0.7669715881347656, -1.8294391632080078, -0.9101726412773132, -0.6490960717201233, -0.7905744314193726, 1.3715004920959473, -3.5509958267211914, -2.1885428428649902, -0.1392824649810791, -0.020937491208314896, -7.586144924163818, -11.335031509399414, -10.344991683959961, -9.11767864227295, -8.753828048706055, 1.3363670110702515, -11.788291931152344, -9.252973556518555], [-0.820478618144989, -1.8332901000976562, -1.8815468549728394, -1.0546787977218628, -1.6357898712158203, -2.214998483657837, 1.2262996435165405, -2.1244802474975586, -1.4819687604904175, -1.2330849170684814, -9.15499210357666, -15.682045936584473, -12.608283996582031, -9.912912368774414, -10.100913047790527, -13.766692161560059, 1.188512921333313, -10.612653732299805], [-0.38904595375061035, 0.38056209683418274, -1.4943411350250244, -0.8574615716934204, -0.972449004650116, -1.2693219184875488, -2.2915353775024414, 0.02030273526906967, -0.6354297399520874, -0.31549081206321716, -9.48621940612793, -12.047078132629395, -9.575716972351074, -10.745258331298828, -11.166841506958008, -9.927507400512695, -10.17713737487793, 1.4184798002243042]], "start_transitions": [0.5027042627334595, -0.27683794498443604, 0.05770610272884369, 0.5561490654945374, -0.07037370651960373, -2.270925283432007, -1.0430504083633423, -0.2163068801164627, 2.044543504714966, -0.004203327465802431, -7.615629196166992, -10.357226371765137, -6.554762363433838, -10.706006050109863, -6.813899993896484, -6.64329719543457, -7.763449668884277, -7.746516227722168], "end_transitions": [-0.7952005863189697, -0.3028470575809479, -0.6564650535583496, -0.25826242566108704, -0.5602530837059021, -0.04164009541273117, -0.7495104074478149, -0.31125161051750183, 0.51388019323349, 0.1809975504875183, 0.30261877179145813, -0.11453291028738022, -0.24725298583507538, 0.2373158037662506, 0.32173243165016174, -0.16478435695171356, -0.8585111498832703, 0.09906741231679916], "class_to_type": {"0": 0, "1": 1, "2": 2, "3": 3, "4": 4, "5": 5, "6": 6, "7": 7, "8": 8, "9": 9, "10": 10, "11": 11, "12": 12, "13": 13, "14": 14, "15": 15, "16": 16, "17": 17}, "num_base_types": 10, "base_types_with_cont": [0, 1, 2, 3, 4, 5, 6, 7], "singleton_base_types": [8, 9], "start_classes": [0, 1, 2, 3, 4, 5, 6, 7], "cont_classes": [10, 11, 12, 13, 14, 15, 16, 17], "singleton_classes": [8, 9], "cont_of": {"0": 10, "1": 11, "2": 12, "3": 13, "4": 14, "5": 15, "6": 16,